client_name,company_name,sales_rep_name,client_phone_permission,client_phone,client_email_permission,client_email
Adam Baker,Shelton and Sons,Michele Davis,True,+1-953-708-1654x6512          ,True,raymondrodriguez@example.org
Amber Scott,Thompson-Collins,Stephen Shah,True,+1-595-639-8795               ,True,vserrano@example.org
Amy Summers,Stevens-Fox,Mrs. Danielle Ortiz,True,(903)308-0626x1768            ,,michelle25@example.net
Andrea Wyatt,Johnson-Farley,Michelle Ferguson,True,667-606-3568                  ,True,brenda52@example.net
Andrew Ford,Shaw-Johnson,Kenneth Lucas,True,9718231707                    ,True,traci24@example.org
Angel Gonzalez,Perry-Sellers,Lauren Morales,False,+1-992-952-5180x438           ,False,jjohnson@example.com
Angela Henry,Jones-Davis,Melanie Bell,False,974-577-4293x12787            ,False,xwalters@example.com
Anna Walker,Schultz Inc,Jonathon Cox,False,939-801-6350x02927            ,False,david92@example.org
Anthony Johnson,Snyder PLC,Joseph Fox,True,+1-962-586-8498x79862         ,True,joseph64@example.net
Ashley Mccarty,Sanchez-Woodward,Loretta Clark,,(448)746-7818                 ,,barreravirginia@example.net
Brandy Jenkins,Rogers-Jones,Jose Mercer,,761-851-0125x425              ,,sandrawebb@example.org
Brittney Patterson,"Hernandez, Powers and Peterson",Brandon Williams,,001-792-512-8846              ,,tylerfisher@example.com
Carolyn Figueroa,Bowman Group,Heather Morales,,955-845-2343x7800             ,,mariahayes@example.net
Charles Rich,Johnson Inc,Joseph Fischer,,+1-746-507-8201               ,,julie19@example.com
Charles Stone,"Cox, Reyes and French",Beverly Bailey,,6337055754                    ,,michellepena@example.com
Christopher Parker,Patel and Sons,Krista Smith,,8976768477                    ,,jackson06@example.org
Crystal Gomez,Holmes-Jones,Lauren Ortiz,,+1-895-347-0896x570           ,,rubiodanielle@example.org
Cynthia Ayala,Jefferson Ltd,Michael Vega,,7952690539                    ,,ndavis@example.org
Dana Kramer,Paul PLC,Kara Webb,,001-844-292-5305x40525        ,,vanessaortega@example.net
Daniel Steele,"Carroll, Reynolds and Flores",Christopher Black,,8088438117                    ,,brookemoreno@example.org
Danielle Kaufman,Simon-Wilkerson,James Hogan,,001-736-582-4767x86623        ,,adamsgeorge@example.net
Danny Franco,Miller-Foster,Tina Coleman,,921-991-1590x542              ,,jonesjennifer@example.org
David Schmidt,Hendricks Group,Stephen Aguilar,,3703203946x9137               ,,james96@example.com
Dominique Armstrong,"Navarro, Young and Davis",Alexander Smith,,001-927-871-8036x4977         ,,caitlinwilliams@example.net
Dr. Barbara Richardson,Tapia Ltd,Nathan Clayton,,(404)260-4948x297             ,,lmoreno@example.com
Earl Davis,Cobb and Sons,Gina Bauer,,8214828987x1243               ,,jnichols@example.net
Edwin Mullen,"Miller, Turner and Kelly",Shannon Pratt,,791-499-7013x6095             ,,matthewgonzalez@example.org
Eugene Gibson,Perry-Cardenas,Kara Strickland,,3666965415x8509               ,,keithcoffey@example.com
Frank Yang,Mcmillan Group,Alex Harrison,,+1-670-549-1127x1310          ,,ydavis@example.org
Gary Lawson,Moore Inc,Jocelyn Hoffman,,7709278303                    ,,kevinsmith@example.com
Gregory Webb,Moss-Hayes,Jennifer Montgomery,,(452)382-1756                 ,,rodriguezjessica@example.net
Ian Short,Murray PLC,Heather Johnson,,7779971169                    ,,joliver@example.org
Jacqueline Torres,Watson-Garcia,Michael Parker,,7078195134                    ,,dana73@example.com
James Banks,Morrison-Hoffman,Tina Mcintyre,,7646154013                    ,,hgross@example.org
James Wagner,"Wilkerson, Cox and Castaneda",Richard Mendez,,651-516-3460x3761             ,,kelly66@example.com
James Wang,"Ward, Holloway and Clements",Kevin Medina,,5498425317x1429               ,,wayne95@example.org
James Wright,Buckley-Wilson,Phillip Ramirez,,(247)564-8037x60320           ,,hwarren@example.org
Janice Nichols,"Mayo, Fleming and Guerrero",Maurice Chavez MD,,+1-669-426-7298x0154          ,,tiffanyneal@example.net
Janice Rodriguez,Guzman Group,Michelle Fritz,,5795435783x516                ,,jeff00@example.net
Jared Hansen,Chavez LLC,Lisa Watson,,(682)949-9617x1943            ,,martinronald@example.com
Jared Petty,Butler-Ross,Amanda Morris,,467-934-6346                  ,,kkoch@example.net
Jason Smith,"Sanders, Horn and Flores",Jamie Gibbs,,5142978576                    ,,cooperbrittany@example.net
Jeanette Houston,Boyle-Fox,Jeffrey Wright Jr.,,+1-330-244-3222               ,,wreed@example.org
Jennifer Perez,"Thompson, Nielsen and Thomas",Debra Willis,,+1-616-604-4709x3989          ,,benjamin98@example.org
Jennifer Williams,Flores-Carter,John Romero,,001-587-290-6337              ,,joseph12@example.net
Jessica Miranda,Mendez-Mccarty,Lynn Shannon,,+1-576-306-8869x5939          ,,leah39@example.net
Jonathon Smith,Stewart-Ellis,Mr. William Stephens,,727-331-2853x8962             ,,heather07@example.com
Jose Williams,Vargas PLC,Ms. Jessica Grimes,,001-973-881-0243x479          ,,jessicagonzalez@example.org
Justin Wells,"Davis, Patterson and Simmons",Michael Hernandez,,8305707801x799                ,,rachel11@example.net
Karen Trujillo,"Jones, Cain and Ramos",David Odonnell,,4502783057x78973              ,,uholmes@example.net
Kathleen Lara,"Wilson, Morrison and Sullivan",Danielle Ibarra,,291-976-7499x091              ,,lgreen@example.org
Katie Nielsen,Johnson-Miller,Kevin Smith,,001-325-358-5619x854          ,,vaughnrenee@example.org
Kenneth Collins,"Goodman, Miller and Huff",Carla Griffin,,2699891172                    ,,rhonda63@example.net
Kevin Thompson,Kim-Barnes,Thomas Rodriguez,,642-720-0900x4572             ,,ydeleon@example.com
Kevin Valencia,"Lawson, Holmes and Lee",Danielle Scott,,7445627469                    ,,vpowell@example.com
Kiara Green,Sexton Inc,Katie Carroll,,(968)398-7004                 ,,natalie25@example.org
Kimberly Murphy,Ford-Delgado,Corey Allen,,505-840-1365                  ,,lambertmichael@example.org
Kristi Leonard,Rose-Rivera,Linda Brown,,8056537136x5702               ,,jramsey@example.net
Lauren Lewis,"West, Phillips and Lane",Marie Fleming,,311-658-4947                  ,,edickson@example.org
Leonard Hall,"Bolton, Nunez and Best",Ryan Garrett,,995-645-3329x010              ,,james18@example.net
Linda Lee,Orr-Medina,John Collins,,001-694-272-7186              ,,cartersharon@example.net
Lisa Garcia,"Vaughn, Williams and Bennett",Brenda Hill,,474-633-8066x216              ,,christopher18@example.com
Logan Jordan,Maynard-Smith,Jason Medina,,3032907703                    ,,gcalhoun@example.com
Marcus Kelly,Mcdaniel-Edwards,Sherry Osborne,,+1-602-736-0839x006           ,,michealharris@example.com
Mary Campbell,Shepard-Baker,Raymond Anderson,,001-246-541-8431              ,,reginalucas@example.com
Mary Davis,"Ford, Hernandez and Allen",Donald Olsen,,7448196166x0879               ,,yflores@example.com
Matthew Boyd,Lynch Inc,Mary Baker,,8149867983x183                ,,christopherdoyle@example.net
Matthew Moore MD,Johnson Ltd,Leah Horton,,748-280-9829x011              ,,joy37@example.com
Matthew Newton,Mcgee-Cardenas,Christopher Wiggins,,5094186409                    ,,robert20@example.org
Michael Rios,Lee-Hunter,Alejandro Daugherty,,269-991-8501                  ,,johnsonanthony@example.net
Michael White,Terry LLC,Charles Fernandez,,+1-832-386-7412               ,,brittanygarcia@example.net
Michael Williams,"Hickman, Dunlap and Wilson",Brian Nguyen,,+1-989-486-6337x528           ,,ascott@example.net
Misty Alvarez,Smith Group,Steve Carter,,6202182998                    ,,qwright@example.com
Mr. David Scott,Mccullough LLC,Natasha Harris,,755-693-1029x239              ,,danieljones@example.com
Nathan Adkins,Garrison and Sons,Amy Miller,,9945143111                    ,,michaelhunter@example.org
Nathan Castillo,"Spencer, Bradshaw and Rice",Hannah White,,+1-607-534-6182x74224         ,,smcintyre@example.org
Nathan Estes,Mullins-Wolf,Beverly Patrick,,(535)225-3903x1202            ,,fisherleslie@example.net
Nicholas Huffman,Mejia-Newton,Jerome Powell,,+1-919-786-9742               ,,epratt@example.net
Peter Hayes,"Matthews, Irwin and Gilbert",Sara Montes,,(885)552-5212                 ,,eric22@example.net
Rachel Jones,Lopez LLC,Crystal Brown,,3008887635                    ,,nicholasroberson@example.com
Rebecca Clark,"Holmes, Taylor and Mills",Carlos Johnson,,(631)745-6514                 ,,michael03@example.org
Rebekah Deleon MD,Ramirez LLC,Tamara Morales,,(830)987-9267x437             ,,turnerjennifer@example.net
Rhonda Lopez,"Hughes, Sanchez and Villanueva",Karen Baxter,,6257227755x2331               ,,kathleengardner@example.com
Robert Smith,"Bradley, Black and Miller",Sara Torres,,8395150279                    ,,glove@example.net
Russell Perkins,"Watkins, May and Aguilar",Chad Mosley,,(226)911-8241                 ,,landrychris@example.org
Sandra Mercado,"Green, Orr and Olsen",Jenny Tucker,,+1-466-800-5504x5316          ,,kaylamcguire@example.net
Sarah Campbell,Barrett-Phillips,Jesse Jones,,001-813-766-7108x1421         ,,fordjason@example.net
Sean Lindsey Jr.,Garcia Ltd,Joel Marsh,,372-911-2232x6362             ,,lshaw@example.org
Sydney Parks,Gallegos-Bennett,Jordan Barnes,,+1-905-721-9246               ,,smithlaurie@example.com
Teresa Brooks PhD,Smith and Sons,Amanda Todd,,7878439810                    ,,alisonking@example.org
Thomas Guerrero,"Hill, Hester and Jones",Tracey Larsen,,543-577-9238x344              ,,higginsjessica@example.net
Tiffany Nichols,Olson PLC,Anthony Foster,,001-293-520-1951x797          ,,marcushernandez@example.net
Timothy Ramirez,"Castro, Leonard and Williams",Brittney Anderson,,(336)326-0902x620             ,,edwinbailey@example.com
Todd Rodriguez,"Hicks, Molina and Barrett",Ruth Brooks,,001-837-588-5032x950          ,,davidcaldwell@example.net
Tracy Barnes,"Davis, Erickson and Young",Dennis Goodman,,3739958713                    ,,rebekahanderson@example.net
Troy Nguyen,"Shepard, Wright and Gray",Joan Haas,,396-700-8256                  ,,thomas88@example.com
Vanessa Garcia,Lam LLC,Tiffany Brown,,001-479-822-3441x0009         ,,awright@example.net
Victoria Thomas,"Thompson, Sanders and Bradford",Sierra Garcia,,+1-398-682-4095               ,,elizabeth55@example.org
Wendy Hayes,Bruce-Taylor,Jacob Williams,,3535758626                    ,,azuniga@example.net
William Garcia,Hardin and Sons,Matthew James,,6894622153x521                ,,michaela03@example.net
